l,t,nt,lr,p,r,f,a,c,m
1,0.7,1,0.0001,0.9710876399574679,0.9691917808219144,0.9542818877832321,0.9691917808219144,1.292438268661499,0.0
1,0.7,1,0.0002,0.9790999596301748,0.9376940639269417,0.9441141379936888,0.9376940639269417,1.4231091737747192,0.23783832369235555
1,0.7,1,0.0005,0.9905656971289163,0.009525114155251086,0.00017990600896648442,0.009525114155251086,1.7392488718032837,0.0
1,0.7,1,0.001,0.9758800472693769,0.9742100456620992,0.9621294727327174,0.9742100456620992,1.4661208391189575,0.41932111678592104
1,0.7,2,0.0009,0.976810364822547,0.9741004566210048,0.9643110924869341,0.9741004566210048,1.4458364248275757,0.6053368543089374
1,0.7,2,0.5,0.9997275786576594,0.00027397260273972595,3.0765812814532656e-06,0.00027397260273972595,2.4383301734924316,0.0
15,0.7,1,0.6,0.9997423075167493,0.00025916327286190297,2.9163947167393264e-06,0.00025916327286190297,1.6886317729949951,0.0
